City_ID,City,Lat,Lng,Max Temp,Humidity,Cloudiness,Wind Speed,Country,Date
0,blackmans bay,-43.0167,147.3167,288.22,67,88,1.79,AU,1715574779
1,tolanaro,-25.0319,46.9987,293.19,88,20,3.09,MG,1715574779
2,adamstown,-25.066,-130.1015,293.57,64,0,2.13,PN,1715574779
3,remire-montjoly,4.9167,-52.2667,300.17,89,100,0.0,GF,1715574779
4,georgetown,5.4112,100.3354,303.12,81,40,7.72,MY,1715574669
5,port augusta,-32.5,137.7667,295.56,36,55,3.71,AU,1715574780
6,yigo village,13.5361,144.8886,303.77,67,20,6.69,GU,1715574780
7,punta arenas,-53.15,-70.9167,277.21,60,0,7.72,CL,1715574780
8,nuevitas,21.5453,-77.2644,297.88,82,100,2.57,CU,1715574781
9,grytviken,-54.2811,-36.5092,270.37,86,35,4.56,GS,1715574781
10,puerto baquerizo moreno,-0.9,-89.6,295.73,90,93,3.05,EC,1715574781
11,taco pozo,-25.6167,-63.2833,287.39,63,100,4.06,AR,1715574781
12,longyearbyen,78.2186,15.6401,274.06,64,100,4.63,SJ,1715574782
13,beshkent,38.8214,65.6531,297.25,50,0,4.12,UZ,1715574782
14,boyolangu,-8.1181,111.8935,301.97,67,93,3.94,ID,1715574782
15,dolores,-36.3132,-57.6792,278.24,74,54,4.39,AR,1715574782
16,darovskoy,58.77,47.9564,273.08,77,66,3.48,RU,1715574783
17,waitangi,-43.9535,-176.5597,283.61,85,97,1.34,NZ,1715574783
18,kingston,17.997,-76.7936,302.68,74,20,1.03,JM,1715574783
19,keffi,8.8486,7.8736,297.38,85,100,1.45,NG,1715574783
20,port-aux-francais,-49.35,70.2167,275.43,67,95,4.93,TF,1715574783
21,iqaluit,63.7506,-68.5145,262.0,67,0,5.14,CA,1715574784
22,lata,40.1629,-8.3327,285.88,98,94,0.18,PT,1715574784
23,alofi,-19.0595,-169.9187,298.09,78,100,7.72,NU,1715574784
24,badger,64.8,-147.5333,286.1,47,20,2.57,US,1715574753
25,hamilton,39.1834,-84.5333,290.92,71,0,3.09,US,1715574679
26,hermanus,-34.4187,19.2345,285.82,80,16,5.47,ZA,1715574785
27,port mathurin,-19.6833,63.4167,298.28,72,41,8.76,MU,1715574785
28,kone,-21.0595,164.8658,298.81,56,81,2.91,NC,1715574785
29,cockburn town,21.4612,-71.1419,299.36,83,1,4.53,TC,1715574785
30,langepas,61.2544,75.2124,280.52,57,100,8.52,RU,1715574786
31,grande prairie,55.1667,-118.8027,288.25,29,75,7.2,CA,1715574786
32,beau vallon,-20.4189,57.6953,298.28,73,75,3.6,MU,1715574786
33,ushuaia,-54.8,-68.3,277.96,70,75,12.86,AR,1715574786
34,bredasdorp,-34.5322,20.0403,283.48,87,18,2.06,ZA,1715574786
35,albany,42.6001,-73.9662,281.73,78,54,1.27,US,1715574787
36,udachny,66.4167,112.4,272.84,71,100,1.69,RU,1715574787
37,belyy yar,53.6039,91.3903,291.09,34,0,3.0,RU,1715574787
38,luwuk,-0.9516,122.7875,300.89,73,81,3.84,ID,1715574787
39,puerto natales,-51.7236,-72.4875,271.17,89,50,1.92,CL,1715574788
40,ribeira grande,38.5167,-28.7,291.91,86,53,4.47,PT,1715574788
41,edinburgh of the seven seas,-37.0676,-12.3116,289.77,85,99,16.02,SH,1715574788
42,tazovsky,67.4667,78.7,273.37,99,100,9.28,RU,1715574788
43,troitsko-pechorsk,62.7084,56.1964,269.09,92,98,3.13,RU,1715574788
44,vikulovo,56.8167,70.6107,282.23,88,100,5.23,RU,1715574789
45,bilibino,68.0546,166.4372,273.86,78,100,3.53,RU,1715574789
46,whitehorse,60.7161,-135.0538,281.58,40,75,6.71,CA,1715574789
47,vorgashor,67.5833,63.95,264.71,95,100,6.26,RU,1715574789
48,invercargill,-46.4,168.35,284.83,75,31,2.24,NZ,1715574790
49,graaff-reinet,-32.2522,24.5308,280.74,93,0,0.52,ZA,1715574790
50,kavaratti,10.5669,72.642,303.28,69,100,5.04,IN,1715574790
51,vadso,70.0744,29.7487,277.64,87,75,2.06,NO,1715574790
52,mandan,46.8267,-100.8896,288.04,42,40,3.09,US,1715574696
53,ust-nera,64.5667,143.2,275.62,49,28,2.31,RU,1715574791
54,yellowknife,62.456,-114.3525,280.05,75,75,4.63,CA,1715574791
55,hawaiian paradise park,19.5933,-154.9731,294.88,99,100,4.63,US,1715574791
56,springs,-26.25,28.4,286.68,86,49,2.85,ZA,1715574791
57,ringim,12.1548,9.1619,300.26,59,100,3.71,NG,1715574792
58,pointe-noire,-4.7761,11.8635,300.19,94,75,2.57,CG,1715574792
59,horta,38.5333,-28.6333,291.49,86,60,4.47,PT,1715574792
60,egilsstadir,65.2653,-14.3948,280.27,91,97,2.89,IS,1715574792
61,abalak,58.1286,68.5944,280.57,82,100,2.21,RU,1715574793
62,utrik,11.2278,169.8474,300.37,79,96,8.59,MH,1715574793
63,sinan,34.8262,126.1086,294.21,77,0,6.54,KR,1715574793
64,mata-utu,-13.2816,-176.1745,301.67,80,86,11.7,WF,1715574793
65,sinabang,2.4803,96.3801,302.66,72,100,1.65,ID,1715574793
66,atafu village,-8.5421,-172.5159,303.17,71,57,6.98,TK,1715574794
67,puerto ayora,-0.7393,-90.3518,296.23,99,100,1.93,EC,1715574794
68,isafjordur,66.0755,-23.124,272.67,93,100,5.1,IS,1715574794
69,medicine hat,50.0501,-110.6683,291.39,52,20,3.6,CA,1715574772
70,lubang,13.8584,120.124,302.92,73,10,2.54,PH,1715574795
71,nadi,-17.8,177.4167,301.15,57,75,3.6,FJ,1715574795
72,berdigestyakh,62.0989,126.6992,279.64,71,100,2.84,RU,1715574795
73,hithadhoo,-0.6,73.0833,302.61,75,95,3.97,MV,1715574795
74,lazaro cardenas,17.9583,-102.2,297.4,82,26,0.84,MX,1715574795
75,hobyo,5.3505,48.5268,302.39,71,87,5.37,SO,1715574796
76,port alfred,-33.5906,26.891,287.88,84,39,1.67,ZA,1715574796
77,olonkinbyen,70.9221,-8.7187,273.59,95,100,4.69,SJ,1715574796
78,tortoli,39.9256,9.6572,290.45,77,0,2.06,IT,1715574796
79,nemuro,43.3236,145.575,281.53,99,100,8.62,JP,1715574796
80,margaret river,-33.95,115.0667,297.21,33,100,3.58,AU,1715574797
81,nova sintra,14.8667,-24.7167,296.87,81,75,8.35,CV,1715574797
82,stanley,54.868,-1.6985,284.1,96,20,1.03,GB,1715574797
83,mahina,-17.5065,-149.489,301.02,74,75,3.09,PF,1715574798
84,dryden,49.7833,-92.7503,280.31,65,0,3.6,CA,1715574798
85,saipan,15.1355,145.701,305.54,58,40,5.66,MP,1715574798
86,west island,-12.1568,96.8225,302.14,79,40,4.63,CC,1715574798
87,mana,5.6592,-53.7767,298.94,86,79,3.4,GF,1715574798
88,gurlan,41.8447,60.3919,297.19,19,99,8.85,UZ,1715574799
89,nikolayevsk-on-amure,53.1406,140.73,277.16,81,100,2.68,RU,1715574799
90,dakhla,23.6848,-15.958,290.61,90,4,10.78,EH,1715574799
91,luderitz,-26.6481,15.1594,286.7,69,0,4.28,NA,1715574799
92,kayyerkan,69.3786,87.7439,271.09,92,44,4.71,RU,1715574800
93,kharan,28.5833,65.4167,305.32,6,0,2.21,PK,1715574800
94,palmeira das missoes,-27.8994,-53.3136,289.31,96,94,3.88,BR,1715574800
95,oytal,42.9057,73.2697,293.27,65,20,2.95,KZ,1715574800
96,aginskoye,51.1,114.53,290.5,21,66,9.95,RU,1715574800
97,faya-largeau,17.9257,19.1043,301.8,19,16,11.41,TD,1715574801
98,ulladulla,-35.35,150.4667,291.38,71,17,2.92,AU,1715574801
99,talnakh,69.4865,88.3972,271.04,87,53,2.68,RU,1715574801
100,cabo san lucas,22.8909,-109.9124,298.76,74,100,1.79,MX,1715574628
101,touros,-5.1989,-35.4608,297.64,88,92,3.32,BR,1715574802
102,rio san juan,19.6439,-70.0763,298.66,89,94,1.24,DO,1715574802
103,konakovo,56.7,36.7667,277.11,67,16,2.05,RU,1715574802
104,cestos city,5.46,-9.5828,299.96,87,80,1.83,LR,1715574802
105,thompson,55.7435,-97.8558,274.24,69,100,3.6,CA,1715574803
106,yalihuyuk,37.3008,32.0855,282.94,75,96,2.55,TR,1715574803
107,heihe,50.2441,127.4902,288.47,38,100,4.49,CN,1715574803
108,ingeniero guillermo n. juarez,-23.9,-61.85,287.49,82,100,5.87,AR,1715574803
109,vila franca do campo,37.7167,-25.4333,291.42,99,65,2.24,PT,1715574803
110,enriquillo,17.9,-71.2333,298.04,90,60,3.65,DO,1715574804
111,carnarvon,-24.8667,113.6333,298.57,63,22,5.75,AU,1715574804
112,castillos,-34.1667,-53.8333,284.21,92,100,7.67,UY,1715574804
113,saint-pierre,-21.3393,55.4781,296.97,64,0,4.63,RE,1715574805
114,east london,-33.0153,27.9116,287.67,88,75,2.06,ZA,1715574805
115,bethel,41.3712,-73.414,282.42,85,0,0.0,US,1715574805
116,la'ie,21.6477,-157.9253,300.13,84,34,2.68,US,1715574805
117,malango,-2.9627,119.9001,298.05,89,93,1.97,ID,1715574806
118,mazagao,-0.115,-51.2894,299.18,99,100,1.28,BR,1715574806
119,moscow,55.7522,37.6156,278.92,55,7,1.53,RU,1715574175
120,caminauit,12.3314,121.0825,304.57,67,36,6.08,PH,1715574806
121,uturoa,-16.7333,-151.4333,301.14,79,7,7.83,PF,1715574807
122,colonia,50.9333,6.95,290.27,74,0,2.06,DE,1715574667
123,saudarkrokur,65.7461,-19.6394,274.86,98,100,4.06,IS,1715574807
124,kolyvan',55.3053,82.7391,291.94,29,56,6.32,RU,1715574807
125,ghanzi,-21.5667,21.7833,286.58,45,0,4.04,BW,1715574807
126,peace river,56.2501,-117.286,288.32,47,100,2.06,CA,1715574808
127,iquitos,-3.7481,-73.2472,299.17,89,0,1.03,PE,1715574808
128,oskarshamn,57.2645,16.4484,284.81,68,79,1.92,SE,1715574808
129,sechura,-5.5569,-80.8222,293.68,77,32,6.13,PE,1715574808
130,papatowai,-46.5619,169.4708,282.33,89,76,1.64,NZ,1715574809
131,pocahontas,36.2615,-90.9712,295.1,73,0,3.09,US,1715574790
132,trevelin,-43.0858,-71.4639,272.86,86,97,0.77,AR,1715574809
133,kievka,50.2619,71.5514,295.47,27,20,8.03,KZ,1715574809
134,afonso bezerra,-5.4983,-36.5056,296.54,89,88,3.88,BR,1715574809
135,sitka,57.0531,-135.33,281.09,66,100,4.63,US,1715574810
136,shingu,33.7333,135.9833,289.42,96,100,3.11,JP,1715574810
137,mountain home,43.133,-115.6912,293.86,44,0,3.6,US,1715574769
138,lulea,65.5842,22.1547,280.19,81,0,0.51,SE,1715574810
139,tuskegee,32.424,-85.6916,292.79,75,100,1.41,US,1715574811
140,liaoyuan,42.9036,125.1358,295.19,28,49,6.67,CN,1715574811
141,montmagny,48.9734,2.3469,290.17,88,100,4.12,FR,1715574811
142,hauterive,46.0901,3.4459,286.48,96,93,0.81,FR,1715574811
143,pachino,36.7186,15.0907,290.79,67,4,1.15,IT,1715574811
144,deqen,29.9618,90.7188,281.7,64,98,3.44,CN,1715574812
145,gazipasa,36.2694,32.3179,287.2,88,0,2.06,TR,1715574812
146,kununurra,-15.7667,128.7333,304.14,40,26,4.63,AU,1715574812
147,barah,13.7,30.3667,304.94,12,51,7.02,SD,1715574812
148,portachuelo,-17.35,-63.4,289.65,91,100,4.52,BO,1715574812
149,port macquarie,-31.4333,152.9167,296.98,68,50,5.72,AU,1715574635
150,yampil',51.95,33.7833,277.56,75,58,3.25,UA,1715574813
151,vordingborg,55.008,11.9106,284.25,100,8,5.37,DK,1715574813
152,tofol,5.3248,163.0078,304.03,70,75,6.69,FM,1715574813
153,berrahal,36.8353,7.4533,287.0,62,52,1.3,DZ,1715574814
154,port lincoln,-34.7333,135.8667,292.04,66,93,2.33,AU,1715574626
155,crane,31.3974,-102.3501,296.37,18,0,1.73,US,1715574814
156,vorkuta,67.5,64.0,264.88,95,100,3.58,RU,1715574814
157,quellon,-43.1167,-73.6167,277.47,79,98,0.34,CL,1715574814
158,punganuru,13.3667,78.5833,302.73,52,77,2.7,IN,1715574815
159,chonchi,-42.6128,-73.8092,276.71,90,77,0.24,CL,1715574815
160,flying fish cove,-10.4217,105.6791,299.97,89,100,5.66,CX,1715574815
161,roma,43.2128,-75.4557,283.08,91,0,2.06,US,1715574815
162,santa cruz,-17.8,-63.1667,288.85,94,75,6.69,BO,1715574816
163,garoowe,8.4054,48.4845,300.9,67,55,2.71,SO,1715574816
164,afaahiti,-17.75,-149.2833,300.08,83,15,7.89,PF,1715574816
165,sao geraldo do araguaia,-6.4006,-48.555,295.63,84,7,0.35,BR,1715574816
166,mhamid,29.82,-5.72,299.68,23,64,3.08,MA,1715574817
167,fortuna,40.5982,-124.1573,285.18,91,45,1.92,US,1715574817
168,mina clavero,-31.721,-65.0062,277.03,89,96,3.38,AR,1715574817
169,kaa-khem,51.6833,94.7333,287.82,32,48,2.83,RU,1715574817
170,kailua-kona,19.6406,-155.9956,301.13,71,75,3.6,US,1715574818
171,ismayilli,40.779,48.1638,286.55,93,93,1.36,AZ,1715574818
172,isangel,-19.55,169.2667,302.21,54,40,3.09,VU,1715574818
173,comodoro rivadavia,-45.8667,-67.5,276.07,87,20,3.6,AR,1715574818
174,plastun,44.7561,136.2939,288.86,38,73,4.94,RU,1715574818
175,lorengau,-2.0226,147.2712,301.8,84,49,2.74,PG,1715574819
176,brisas de zicatela,15.8369,-97.0419,300.88,61,99,2.08,MX,1715574819
177,tiksi,71.6872,128.8694,267.8,71,96,1.24,RU,1715574819
178,lepsy,46.235,78.9456,290.07,27,99,5.19,KZ,1715574819
179,emmett,43.8735,-116.4993,295.81,44,5,0.89,US,1715574820
180,nohar,29.1833,74.7667,310.74,15,0,1.11,IN,1715574820
181,wegscheid,48.6014,13.7873,282.47,68,91,1.51,DE,1715574820
182,iwanai,42.9744,140.5089,286.43,72,100,2.85,JP,1715574820
183,azhikkal,11.9,75.3667,306.83,55,80,2.7,IN,1715574820
184,labytnangi,66.6572,66.4183,270.58,89,99,5.19,RU,1715574821
185,pribrezhnyy,53.4866,49.8584,278.77,56,0,5.99,RU,1715574821
186,rio grande,-32.035,-52.0986,289.97,90,100,8.23,BR,1715574821
187,serhetabat,35.2799,62.3438,301.68,15,17,2.3,TM,1715574821
188,petropavlovsk-kamchatsky,53.0452,158.6483,276.73,66,100,4.0,RU,1715574630
189,nagqu,31.5,92.0,284.67,29,72,4.16,CN,1715574822
190,uren',57.4552,45.7852,276.42,61,15,3.53,RU,1715574822
191,magaria,12.9983,8.9099,300.55,58,99,3.46,NE,1715574822
192,richards bay,-28.783,32.0377,292.97,91,98,0.37,ZA,1715574823
193,pathein,16.7833,94.7333,311.45,32,9,3.78,MM,1715574823
194,avarua,-21.2078,-159.775,297.18,88,75,2.06,CK,1715574823
195,kodiak,57.79,-152.4072,279.88,76,40,2.06,US,1715574823
196,lanivtsi,49.8633,26.0908,282.22,66,16,2.34,UA,1715574824
197,prince rupert,54.3161,-130.3201,283.2,93,100,6.17,CA,1715574824
198,arkalyk,50.2486,66.9114,294.48,41,98,10.68,KZ,1715574824
199,bayramaly,37.6185,62.1671,295.01,23,10,6.63,TM,1715574824
200,minbu,20.1833,94.8833,311.96,25,0,1.97,MM,1715574825
201,mandalgovi,45.7625,106.2708,291.71,38,81,9.47,MN,1715574825
202,worland,44.0169,-107.9554,289.6,58,0,4.63,US,1715574700
203,sandnessjoen,66.0217,12.6316,285.21,76,40,2.06,NO,1715574825
204,ilulissat,69.2167,-51.1,273.16,100,100,5.14,GL,1715574826
205,wailua homesteads,22.0669,-159.378,299.39,87,40,5.66,US,1715574826
206,arraial do cabo,-22.9661,-42.0278,297.06,85,79,4.9,BR,1715574826
207,nago,26.5881,127.9761,296.62,91,100,6.09,JP,1715574826
208,pisco,-13.7,-76.2167,290.18,82,38,1.03,PE,1715574826
209,siilinjarvi,63.0833,27.6667,280.16,93,100,2.06,FI,1715574827
210,port hedland,-20.3167,118.5667,303.18,26,0,5.14,AU,1715574827
211,chenaran,36.6455,59.1212,298.33,24,73,1.49,IR,1715574827
212,pacific grove,36.6177,-121.9166,286.72,89,100,2.57,US,1715574661
213,namtsy,62.7161,129.6658,281.97,44,99,3.98,RU,1715574828
214,aasiaat,68.7098,-52.8699,273.02,98,100,6.43,GL,1715574828
215,melekeok village,7.4957,134.6367,304.46,70,75,5.14,PW,1715574828
216,carutapera,-1.195,-46.02,297.7,94,45,1.96,BR,1715574828
217,kuanda,56.3161,116.0806,280.95,39,98,7.08,RU,1715574829
218,minas de marcona,-15.2119,-75.1103,285.6,88,45,5.11,PE,1715574829
219,flin flon,54.7682,-101.865,277.79,65,100,2.6,CA,1715574829
220,howrah,22.5892,88.3103,306.15,62,40,0.0,IN,1715574829
221,balabac,7.9868,117.0645,304.87,60,12,3.07,PH,1715574829
222,clodomira,-27.5744,-64.1311,286.4,58,100,5.6,AR,1715574830
223,tabas,33.5959,56.9244,305.57,11,86,2.68,IR,1715574830
224,klyuchi,52.2667,79.1667,293.91,26,1,4.21,RU,1715574830
225,amga,60.8953,131.9608,283.46,39,100,2.35,RU,1715574830
226,sitia,35.2,26.0986,291.47,57,0,7.6,GR,1715574831
227,gisborne,-38.6533,178.0042,285.87,61,7,1.81,NZ,1715574831
228,lebu,-37.6167,-73.65,280.54,84,40,6.14,CL,1715574831
229,san antonio de pale,-1.4014,5.6325,299.19,91,100,4.76,GQ,1715574832
230,khotyn,48.4833,26.5,281.86,68,66,1.81,UA,1715574832
231,portage la prairie,49.9728,-98.2926,279.2,57,5,3.54,CA,1715574832
232,orchard homes,46.8633,-114.0484,290.23,54,0,2.57,US,1715574832
233,pangody,65.85,74.4859,274.5,92,92,8.1,RU,1715574832
234,miles city,46.4083,-105.8406,289.69,51,20,4.63,US,1715574833
235,fort mcmurray,56.7268,-111.381,285.92,50,75,3.6,CA,1715574747
236,bubaque,11.2833,-15.8333,299.37,77,60,5.62,GW,1715574833
237,st. john's,47.5649,-52.7093,278.13,95,75,7.2,CA,1715574833
238,cadale,2.7603,46.3222,301.83,77,76,6.29,SO,1715574833
239,onguday,50.75,86.15,290.19,53,25,1.84,RU,1715574834
240,rongelap,11.1635,166.8941,300.87,75,84,8.05,MH,1715574834
241,summerside,46.3959,-63.7876,276.54,100,0,1.03,CA,1715574834
242,port elizabeth,-33.918,25.5701,287.31,99,100,2.06,ZA,1715574834
243,lihue,21.9789,-159.3672,299.73,84,40,5.66,US,1715574739
244,joshimath,30.5667,79.5667,291.52,48,19,3.09,IN,1715574835
245,bamboo flat,11.7,92.7167,301.2,83,40,1.54,IN,1715574835
246,mournies,35.4764,24.0092,290.83,82,0,4.12,GR,1715574835
247,dehui,44.5333,125.7,295.78,15,100,5.71,CN,1715574836
248,wagar,16.1525,36.2032,306.67,40,87,3.54,SD,1715574836
249,namsos,64.4662,11.4957,285.18,87,0,6.69,NO,1715574836
250,jamestown,42.097,-79.2353,282.95,91,0,3.09,US,1715574765
251,quinte west,44.1834,-77.5662,283.93,88,20,3.09,CA,1715574781
252,kenora,49.8167,-94.4337,281.69,61,75,4.12,CA,1715574768
253,pauini,-7.7136,-66.9764,299.24,78,100,0.78,BR,1715574837
254,nizhnyaya omka,55.4338,74.9426,295.55,29,77,10.22,RU,1715574837
255,mil'kovo,55.6078,37.7956,279.5,52,9,1.84,RU,1715574837
256,san martin,-33.081,-68.4681,281.45,66,72,2.46,AR,1715574838
257,znamenskoye,57.1281,73.8282,291.69,49,100,6.21,RU,1715574838
258,hammerfest,70.6634,23.6821,277.4,93,75,0.51,NO,1715574838
259,praya,14.9215,-23.5087,296.45,73,20,2.57,CV,1715574838
260,reggane,26.7158,0.1714,300.08,14,0,4.58,DZ,1715574839
261,mujiayingzi,42.1167,118.7833,299.02,16,75,7.24,CN,1715574839
262,pierre,44.3683,-100.351,287.75,59,0,4.12,US,1715574839
263,sidney,-33.8679,151.2073,295.14,72,75,10.29,AU,1715574823
264,bridgewater,44.3835,-64.5155,279.97,89,100,2.06,CA,1715574839
265,tura,25.5198,90.2201,307.44,38,9,1.76,IN,1715574840
266,portland,45.5234,-122.6762,293.12,54,20,3.6,US,1715574627
267,ghat,24.9647,10.1728,296.75,23,2,3.59,LY,1715574840
268,kenai,60.5544,-151.2583,281.01,74,0,3.09,US,1715574840
269,vilyuchinsk,52.9306,158.4028,277.55,97,100,1.46,RU,1715574841
270,westhill,57.1526,-2.2797,283.94,98,100,2.06,GB,1715574841
271,itoman,26.1247,127.6694,296.58,96,75,6.69,JP,1715574841
272,dalandzadgad,43.5708,104.425,300.89,8,4,11.36,MN,1715574841
273,lompoc,34.6391,-120.4579,286.23,88,100,3.09,US,1715574651
274,port saint john's,-31.6229,29.5448,291.48,80,100,0.92,ZA,1715574842
275,alice springs,-23.7,133.8833,293.9,35,68,5.14,AU,1715574630
276,qaqortoq,60.7167,-46.0333,273.74,88,33,0.58,GL,1715574842
277,chibougamau,49.9168,-74.3659,283.94,46,100,4.12,CA,1715574843
278,calliope,-24.0,151.2,300.06,54,40,4.12,AU,1715574843
279,tual,-5.6667,132.75,300.47,83,100,4.09,ID,1715574843
280,grants,35.1473,-107.8514,286.28,22,40,3.09,US,1715574843
281,alberobello,40.7859,17.2372,289.66,55,61,0.34,IT,1715574843
282,dombarovskiy,50.7587,59.5386,292.59,55,74,9.39,RU,1715574844
283,necochea,-38.5473,-58.7368,280.99,70,56,4.13,AR,1715574844
284,paragominas,-2.9667,-47.4833,295.69,98,87,1.05,BR,1715574844
285,gaspe,48.8334,-64.4819,278.27,75,0,2.57,CA,1715574844
286,vorotynets,56.0603,45.8633,278.12,58,60,3.32,RU,1715574845
287,ad dilam,23.9915,47.1627,304.38,15,6,6.06,SA,1715574845
288,fale old settlement,-9.3852,-171.2468,302.51,73,47,6.15,TK,1715574845
289,whakatane,-37.9585,176.9854,289.14,76,90,0.6,NZ,1715574846
290,dudinka,69.4058,86.1778,271.3,95,64,4.92,RU,1715574846
291,nadym,65.5333,72.5167,274.8,98,99,7.89,RU,1715574846
292,sirte,31.2089,16.5887,291.41,60,4,3.66,LY,1715574847
293,hirara,24.8,125.2833,297.07,94,75,8.75,JP,1715574847
294,trairi,-3.2778,-39.2689,297.52,92,92,2.43,BR,1715574847
295,am timan,11.0297,20.2827,303.61,43,80,1.85,TD,1715574848
296,de haan,51.272,3.0429,289.25,78,37,2.57,BE,1715574848
297,kapa'a,22.0752,-159.319,300.14,87,40,5.66,US,1715574848
298,college,64.8569,-147.8028,286.14,47,75,2.57,US,1715574848
299,naze,28.3667,129.4833,293.66,77,100,4.2,JP,1715574849
300,klaksvik,62.2266,-6.589,283.66,99,100,4.97,FO,1715574849
301,gulf shores,30.246,-87.7008,298.74,73,0,4.12,US,1715574849
302,susuman,62.7833,148.1667,273.14,84,100,3.58,RU,1715574849
303,charters towers,-20.1,146.2667,302.23,29,0,4.04,AU,1715574844
304,tongchuanshi,35.0806,109.0897,299.88,17,0,2.83,CN,1715574850
305,saint-marcellin,45.15,5.3167,287.93,87,95,1.05,FR,1715574850
306,mukalla,14.5425,49.1242,301.45,73,61,2.64,YE,1715574850
307,horishni plavni,49.0097,33.6455,280.11,66,99,4.5,UA,1715574851
308,tromso,69.6496,18.957,279.16,93,75,3.09,NO,1715574851
309,sisimiut,66.9395,-53.6735,273.85,98,100,11.95,GL,1715574851
310,kuraymah,18.55,31.85,304.47,16,4,9.4,SD,1715574851
311,qinzhou,21.95,108.6167,302.48,57,97,6.37,CN,1715574851
312,yreka,41.7354,-122.6345,293.25,42,0,5.66,US,1715574751
313,vilyuysk,63.7553,121.6247,276.48,59,100,4.02,RU,1715574852
314,bardai,11.65,7.2333,298.38,66,100,3.64,NG,1715574852
315,inhambane,-23.865,35.3833,296.09,73,62,3.44,MZ,1715574852
316,bulayevo,54.9056,70.4439,294.25,39,100,7.83,KZ,1715574853
317,long beach,33.767,-118.1892,291.41,90,100,4.12,US,1715574853
318,andalgala,-27.5819,-66.3165,281.44,74,60,2.22,AR,1715574853
319,lerwick,60.1545,-1.1494,283.15,89,83,9.99,GB,1715574853
320,glyn-neath,51.7475,-3.6183,286.09,80,99,2.49,GB,1715574853
321,soderhamn,61.3037,17.0592,286.81,69,95,0.81,SE,1715574854
322,cotoca,-17.8167,-63.05,289.07,88,91,5.86,BO,1715574854
323,forster,-32.1667,152.5167,293.36,78,70,6.7,AU,1715574801
324,labrador city,52.9463,-66.9114,271.1,93,0,0.0,CA,1715574854
325,letterkenny,54.95,-7.7333,283.12,99,100,1.26,IE,1715574855
326,jerseyville,39.12,-90.3285,294.53,76,53,4.19,US,1715574855
327,san pedro pochutla,15.7333,-96.4667,299.96,52,100,2.2,MX,1715574855
328,jizzax,40.1158,67.8422,298.09,42,44,1.9,UZ,1715574855
329,al hawatah,13.4167,34.6333,309.83,23,100,2.7,SD,1715574855
330,acapulco de juarez,16.8634,-99.8901,299.05,83,40,4.12,MX,1715574856
331,kandahar,31.0,65.75,299.39,8,0,1.21,AF,1715574856
332,pingliang,35.5392,106.6861,298.58,26,0,5.55,CN,1715574856
333,kindberg,47.5,15.45,286.17,96,100,0.85,AT,1715574856
334,kuta,-8.7233,115.1723,303.15,79,40,6.71,ID,1715574857
335,gizo,-8.103,156.8419,301.69,79,100,5.69,SB,1715574857
336,pimentel,-6.8367,-79.9342,292.31,82,0,7.2,PE,1715574857
337,karasu,41.071,30.7854,286.63,73,100,0.61,TR,1715574857
338,sarmiento,-45.5882,-69.07,274.67,75,77,2.77,AR,1715574858
339,paradip garh,20.3167,86.6167,306.49,53,11,4.5,IN,1715574858
340,aitape,-3.1374,142.3475,302.04,83,92,1.42,PG,1715574858
341,shizunai-furukawacho,42.3339,142.3669,283.14,98,100,2.21,JP,1715574858
342,gonzales,30.2385,-90.9201,298.7,89,100,3.6,US,1715574858
343,lisala,2.15,21.5167,295.88,88,79,0.67,CD,1715574859
344,aras-asan,8.8908,126.3033,302.94,69,62,3.2,PH,1715574859
345,yuzhno-kurilsk,44.0306,145.8556,282.25,97,100,5.16,RU,1715574859
346,mahenge,-8.6833,36.7167,291.17,80,3,0.73,TZ,1715574859
347,mili,6.0815,171.735,301.61,78,30,6.14,MH,1715574860
348,hadibu,12.65,54.0333,302.36,65,34,0.76,YE,1715574860
349,santiago de cao,-7.9589,-79.2392,290.22,94,75,4.12,PE,1715574860
350,iskateley,67.6803,53.1512,268.16,95,98,4.02,RU,1715574861
351,waingapu,-9.6567,120.2641,302.56,62,45,6.6,ID,1715574861
352,sabi,13.2333,-14.2,298.4,52,2,3.45,GM,1715574861
353,garden city,42.3256,-83.331,289.16,80,20,2.57,US,1715574691
354,sao joao da barra,-21.6403,-41.0511,297.68,91,66,4.13,BR,1715574861
355,borzya,50.3833,116.5167,291.48,21,80,9.75,RU,1715574862
356,villeneuve-d'ascq,50.6167,3.1666,289.23,86,52,1.03,FR,1715574862
357,thunder bay,48.4001,-89.3168,283.14,57,0,3.09,CA,1715574862
358,paita,-5.0892,-81.1144,293.5,79,43,5.48,PE,1715574863
359,tsiombe,-25.3,45.4833,295.27,78,0,1.36,MG,1715574863
360,christchurch,-43.5333,172.6333,285.26,72,75,0.51,NZ,1715574607
361,mahanoro,-19.9,48.8,296.94,75,24,1.68,MG,1715574863
362,holualoa,19.6228,-155.9522,299.06,72,75,3.6,US,1715574864
363,cole harbour,44.6724,-63.4751,279.86,88,53,2.06,CA,1715574864
364,broome,42.2506,-75.833,281.87,95,74,1.34,US,1715574864
365,tahlequah,35.9154,-94.97,291.75,82,100,0.0,US,1715574756
366,roccella ionica,38.322,16.4009,291.2,58,13,2.37,IT,1715574865
367,ingeniero jacobacci,-41.3427,-69.5448,273.17,73,15,3.27,AR,1715574865
368,keningau,5.3378,116.1602,307.84,44,37,0.42,MY,1715574865
369,as sulayyil,20.4607,45.5779,302.29,16,3,3.96,SA,1715574865
370,ebon,4.582,168.6964,301.68,79,18,5.8,MH,1715574865
371,letlhakeng,-24.0944,25.0298,287.2,79,0,3.66,BW,1715574866
372,isfara,40.1265,70.6253,292.98,52,0,3.65,TJ,1715574866
373,buka,40.8108,69.1986,297.4,41,9,1.23,UZ,1715574866
374,puerto san jose,13.9256,-90.8244,302.48,74,8,2.24,GT,1715574866
375,grand falls-windsor,48.9332,-55.6649,278.43,94,100,5.42,CA,1715574867
376,pont rouge,48.8833,-72.0825,284.31,77,13,3.26,CA,1715574867
377,fort bragg,35.139,-79.006,288.66,79,0,0.0,US,1715574867
378,cambria,35.5641,-121.0808,289.56,91,45,0.74,US,1715574867
379,hasaki,35.7333,140.8333,295.37,96,100,9.89,JP,1715574868
380,warmbad,-28.45,18.7333,289.57,26,1,2.75,NA,1715574868
381,valparaiso,-33.0393,-71.6273,284.95,62,0,2.57,CL,1715574868
382,porto novo,6.4965,2.6036,299.53,89,100,1.53,BJ,1715574868
383,rajaori,33.3833,74.3,300.42,22,0,1.79,IN,1715574869
384,mednogorsk,51.4128,57.595,289.09,74,58,4.69,RU,1715574869
385,ivdel',60.6911,60.4206,274.28,74,24,2.68,RU,1715574869
386,sinop,41.7711,34.8709,280.39,65,90,1.79,TR,1715574870
387,uddevalla,58.3478,11.9424,281.52,64,53,0.65,SE,1715574870
388,port said,31.2565,32.2841,293.14,73,40,4.12,EG,1715574870
389,mahayag,8.1183,123.4455,304.46,73,68,1.59,PH,1715574870
390,faulquemont,49.0471,6.6031,288.29,96,92,2.09,FR,1715574871
391,lere,10.387,8.5726,297.27,73,100,2.02,NG,1715574871
392,pokaran,26.9167,71.9167,309.89,24,0,3.09,IN,1715574871
393,molchanovo,57.5817,83.7692,292.12,29,92,6.69,RU,1715574871
394,ancud,-41.8697,-73.8203,278.12,82,85,2.27,CL,1715574872
395,vuktyl,63.8567,57.3094,267.65,96,94,3.13,RU,1715574872
396,molina,-35.1167,-71.2833,277.0,100,0,1.54,CL,1715574872
397,laguna,38.421,-121.4238,296.86,60,0,3.09,US,1715574724
398,ta`u,-14.2336,-169.5144,301.91,75,73,6.47,AS,1715574873
399,soledad de graciano sanchez,22.2,-100.95,301.05,26,0,2.57,MX,1715574817
400,new norfolk,-42.7826,147.0587,288.87,74,71,3.73,AU,1715574873
401,san patricio,28.017,-97.5169,300.84,85,100,5.9,US,1715574873
402,taoudenni,22.6783,-3.9836,302.97,12,1,3.21,ML,1715574873
403,bodo,67.28,14.405,283.02,92,75,4.63,NO,1715574874
404,bhimunipatnam,17.8833,83.4333,304.88,58,4,2.19,IN,1715574874
405,lanxi,29.2195,119.477,296.86,45,96,2.59,CN,1715574874
406,tazacorte,28.629,-17.9293,292.69,91,100,7.72,ES,1715574874
407,polyarnyy,69.1989,33.4478,274.51,100,100,0.74,RU,1715574875
408,anadyr,64.75,177.4833,275.43,80,0,7.0,RU,1715574875
409,selfoss,63.9331,-20.9971,278.73,86,99,3.26,IS,1715574875
410,mount pearl,47.5166,-52.7813,277.67,95,75,7.2,CA,1715574865
411,gunjur,13.2019,-16.7339,296.19,94,20,2.57,GM,1715574875
412,nova xavantina,-14.6667,-52.35,294.05,75,0,0.2,BR,1715574876
413,novoul'yanovsk,54.1496,48.3891,279.9,69,8,6.26,RU,1715574876
414,savanna-la-mar,18.219,-78.1332,301.12,92,71,1.79,JM,1715574876
415,embi,48.8264,58.1442,292.91,57,24,6.4,KZ,1715574876
416,oliveira dos brejinhos,-12.3169,-42.8961,296.12,64,61,1.18,BR,1715574877
417,dingcheng,32.1272,115.0394,302.19,26,0,2.7,CN,1715574877
418,senanga,-16.1167,23.2667,290.2,58,20,2.17,ZM,1715574877
419,san luis de la loma,17.2706,-100.8939,300.03,63,97,2.13,MX,1715574877
420,hastings,50.8552,0.5729,286.11,93,34,4.37,GB,1715574733
421,sutysky,49.0425,28.4173,280.44,71,57,2.37,UA,1715574878
422,woolgoolga,-30.1106,153.2007,296.08,62,1,2.84,AU,1715574878
423,alva,56.1528,-3.8051,285.95,99,100,2.27,GB,1715574878
424,ulundi,-28.3352,31.4162,290.5,96,100,0.63,ZA,1715574878
425,roswell,34.0232,-84.3616,292.43,78,0,0.0,US,1715574665
426,mula,38.0409,-1.4901,288.22,70,94,0.86,ES,1715574879
427,gamay,12.3854,125.2979,306.08,56,17,3.73,PH,1715574879
428,nouadhibou,20.931,-17.0347,290.93,88,64,8.39,MR,1715574879
429,qorovulbozor,39.5006,64.7936,297.99,28,43,6.46,UZ,1715574879
430,weyburn,49.6668,-103.8511,282.27,53,11,3.6,CA,1715574880
431,sinaloa de leyva,25.8333,-108.2333,295.81,54,100,1.01,MX,1715574880
432,yaren,-0.5472,166.916,302.04,75,99,3.11,NR,1715574880
433,deming,32.2687,-107.7586,293.09,15,0,3.6,US,1715574592
434,enewetak,11.3474,162.3373,300.74,84,79,8.86,MH,1715574880
435,perelyub,51.8667,50.3667,280.09,53,96,8.94,RU,1715574881
436,bizerte,37.2744,9.8739,289.15,100,56,2.06,TN,1715574881
437,posto fiscal rolim de moura,-13.0833,-62.2667,298.39,79,64,0.57,BR,1715574881
438,polewali,-3.4324,119.3435,303.53,68,46,1.7,ID,1715574881
439,zhob,31.3411,69.4481,298.49,13,0,0.82,PK,1715574881
440,kyshtovka,56.555,76.6271,291.12,38,85,8.49,RU,1715574882
441,sangmelima,2.9333,11.9833,294.42,99,100,0.98,CM,1715574882
442,cill airne,52.05,-9.5167,283.56,96,100,6.22,IE,1715574882
443,filiatra,37.15,21.5833,289.09,78,0,2.78,GR,1715574882
444,laojunmiao,39.8333,97.7333,297.79,10,0,4.87,CN,1715574883
445,tinton falls,40.3043,-74.1004,284.07,72,0,2.57,US,1715574750
446,jumla,29.2747,82.1838,291.18,42,58,3.21,NP,1715574883
447,margate,51.3813,1.3862,286.31,88,9,3.13,GB,1715574883
448,timbuktu,16.7735,-3.0074,305.03,34,80,4.51,ML,1715574883
449,port-cartier,50.0334,-66.8654,283.97,64,55,2.32,CA,1715574884
450,chegdomyn,51.1167,133.0167,283.06,51,100,1.26,RU,1715574884
451,kayes,14.0,-11.0,304.63,24,75,5.87,ML,1715574884
452,fort st. john,56.2499,-120.8529,288.09,31,75,5.14,CA,1715574876
453,nongstoin,25.5167,91.2667,295.91,70,10,2.08,IN,1715574885
454,nogliki,51.8333,143.1667,277.78,78,100,4.92,RU,1715574885
455,kapuskasing,49.4169,-82.4331,282.2,81,75,4.12,CA,1715574885
456,xingtai,37.0631,114.4942,307.39,10,7,3.15,CN,1715574885
457,iscehisar,38.8619,30.7503,282.7,70,99,2.11,TR,1715574886
458,kargopol',61.5071,38.9456,275.09,66,90,1.29,RU,1715574886
459,maile,-38.9466,-72.3727,272.49,96,34,1.22,CL,1715574886
460,camiri,-20.05,-63.5167,284.99,98,100,1.49,BO,1715574886
461,caloto,3.0359,-76.4079,293.91,89,98,1.18,CO,1715574886
462,ojinaga,29.5667,-104.4167,299.58,17,0,3.6,MX,1715574887
463,ca mau,9.1769,105.15,307.72,49,49,0.99,VN,1715574887
464,leava,-14.3,-178.1667,301.57,77,72,11.7,WF,1715574887
465,kontcha,7.9667,12.2333,296.38,90,98,1.76,CM,1715574887
466,mount gambier,-37.8333,140.7667,288.24,59,93,3.66,AU,1715574888
467,sandrigo,45.6561,11.592,291.77,78,100,0.49,IT,1715574888
468,cassilandia,-19.1133,-51.7342,291.44,51,4,1.54,BR,1715574888
469,rurrenabaque,-14.4413,-67.5278,296.82,85,0,0.78,BO,1715574888
470,samarinda,-0.5,117.15,305.27,59,43,1.18,ID,1715574888
471,norderney,53.7,7.15,287.03,83,25,8.01,DE,1715574889
472,bentiu,9.2333,29.8333,305.39,40,87,2.64,SS,1715574889
473,aomori,40.8244,140.74,288.44,88,75,1.54,JP,1715574889
474,chinchilla,-26.75,150.6333,295.38,55,0,0.89,AU,1715574889
475,twon-brass,4.3151,6.2418,299.47,88,85,2.01,NG,1715574889
476,belabo,4.9333,13.3,295.12,98,100,0.2,CM,1715574890
477,khandyga,62.6667,135.6,282.39,34,79,2.38,RU,1715574890
478,ishigaki,24.3448,124.1572,296.22,88,75,5.66,JP,1715574890
479,tamanrasset,22.785,5.5228,296.1,20,0,3.6,DZ,1715574891
480,novodvinsk,64.4165,40.8122,272.01,96,100,1.72,RU,1715574891
481,aripuana,-9.1667,-60.6333,298.25,82,100,0.89,BR,1715574891
482,mirnyy,62.5353,113.9611,274.39,99,100,1.79,RU,1715574891
483,wandlitz,52.742,13.458,286.31,62,0,4.37,DE,1715574891
484,as samawah,31.332,45.2944,304.08,20,96,6.31,IQ,1715574892
485,mugia,43.1041,-9.2179,289.77,96,100,9.81,ES,1715574892
486,praia,14.9215,-23.5087,296.45,73,20,2.57,CV,1715574892
487,riolandia,-19.9808,-49.6819,291.54,47,5,1.44,BR,1715574892
488,nelson bay,-32.7167,152.15,293.15,90,85,1.79,AU,1715574893
489,maua,-23.6678,-46.4614,296.13,61,80,3.32,BR,1715574893
490,katsuren-haebaru,26.3369,127.8719,296.58,95,100,5.14,JP,1715574893
491,bucaramanga,7.1254,-73.1198,294.88,88,20,4.12,CO,1715574893
492,calangute,15.5439,73.7553,305.15,68,7,3.26,IN,1715574894
493,al majaridah,19.1236,41.9111,306.56,39,0,1.19,SA,1715574894
494,majene,-3.5403,118.9707,302.26,70,66,2.81,ID,1715574894
495,marsh harbour,26.5412,-77.0636,297.61,71,3,3.63,BS,1715574894
496,queenstown,-31.8976,26.8753,281.32,87,68,0.98,ZA,1715574894
497,farah,32.5,62.5,300.69,9,22,1.68,AF,1715574895
498,constantia,44.1833,28.65,282.53,76,73,6.54,RO,1715574895
499,longjiang,47.3303,123.1836,294.15,26,100,7.15,CN,1715574895
500,caleta de carquin,-11.0925,-77.6267,291.29,90,42,2.64,PE,1715574896
501,daru,-9.0763,143.2092,300.79,77,61,6.3,PG,1715574896
502,quezon,7.7303,125.0989,307.65,42,37,1.62,PH,1715574896
503,revda,56.801,59.9303,278.66,48,69,3.04,RU,1715574896
504,plainview,40.7765,-73.4673,284.08,87,0,2.57,US,1715574897
505,solano,38.2333,-121.9511,293.25,64,0,8.75,US,1715574897
506,haiku-pauwela,20.9219,-156.3051,299.38,72,40,4.12,US,1715574897
507,nar'yan-mar,67.6713,53.087,268.21,95,97,4.02,RU,1715574897
508,galvez,-32.0293,-61.221,281.73,84,68,3.9,AR,1715574897
509,kardla,58.9978,22.7492,282.14,76,75,1.54,EE,1715574898
510,yantai,37.5333,121.4,296.15,36,0,1.68,CN,1715574898
511,port douglas,-16.4833,145.4667,299.0,73,17,5.92,AU,1715574898
512,lupane,-18.9315,27.807,287.2,66,3,3.7,ZW,1715574899
513,nuku'alofa,-21.1333,-175.2,298.34,73,20,6.17,TO,1715574899
514,qalat,32.1058,66.9083,295.16,14,0,1.56,AF,1715574899
515,kattivakkam,13.2167,80.3167,306.54,73,99,4.05,IN,1715574899
516,tra vinh,9.9347,106.3453,309.24,42,40,4.15,VN,1715574900
517,rawson,-43.3002,-65.1023,280.39,82,92,7.88,AR,1715574900
518,ma'rib,15.4591,45.3253,301.87,21,8,1.8,YE,1715574901
519,raja,8.4596,25.678,298.3,75,96,2.15,SS,1715574901
520,saint-joseph,-21.3667,55.6167,296.36,69,30,5.17,RE,1715574901
521,thanesar,29.9833,76.8167,310.85,18,0,0.84,IN,1715574902
522,nicoya,10.1483,-85.452,299.98,86,100,0.62,CR,1715574902
523,mar del plata,-38.0023,-57.5575,283.76,67,40,5.36,AR,1715574903
524,san felipe,10.3399,-68.7425,295.6,98,58,1.17,VE,1715574903
525,bibai,43.3247,141.8586,287.34,80,100,2.46,JP,1715574903
526,yabelo,4.8833,38.0833,290.64,79,88,4.52,ET,1715574904
527,dompu,-8.5356,118.4622,305.86,52,89,2.67,ID,1715574904
528,bereket,39.2446,55.5154,303.27,30,100,4.43,TM,1715574904
529,chapaev,50.2,51.1667,279.94,75,99,8.44,KZ,1715574905
530,kruisfontein,-34.0033,24.7314,286.03,80,39,1.96,ZA,1715574905
531,moravske budejovice,49.0521,15.8086,284.36,81,1,4.2,CZ,1715574905
532,campobasso,41.6333,14.5833,289.79,84,100,1.95,IT,1715574905
533,tadine,-21.55,167.8833,297.04,70,64,6.09,NC,1715574905
534,jaicos,-7.3592,-41.1378,294.94,71,12,0.85,BR,1715574906
535,xilitla,21.3333,-98.9667,296.33,86,32,2.33,MX,1715574906
536,ristiina,61.5058,27.2464,281.21,76,99,1.26,FI,1715574906
537,wewak,-3.5534,143.6268,302.59,78,76,2.2,PG,1715574906
538,kulhudhuffushi,6.6221,73.07,303.0,71,24,2.06,MV,1715574907
539,yarkovo,57.4028,67.0786,278.16,75,100,1.61,RU,1715574907
540,ust'-charyshskaya pristan',52.3934,83.6635,292.37,34,0,4.6,RU,1715574907
541,mejit,10.2753,170.8646,300.61,82,82,8.6,MH,1715574907
542,bhag,29.0415,67.8239,310.33,6,0,0.08,PK,1715574908
543,kittila,67.6647,24.8936,277.23,93,100,0.51,FI,1715574908
544,sur,22.5667,59.5289,307.95,33,0,2.86,OM,1715574908
545,dwarka,22.2394,68.9678,302.41,67,3,3.43,IN,1715574908
546,bayanhongor,46.7167,100.1167,292.83,15,100,6.32,MN,1715574908
547,lodja,-3.4833,23.4333,294.8,97,69,0.92,CD,1715574909
548,kisanga,-7.4362,37.7034,296.46,86,84,1.41,TZ,1715574909
549,san pedro,14.35,121.0167,308.72,57,20,4.02,PH,1715574721
550,manay,7.215,126.5397,304.07,61,46,4.72,PH,1715574909
551,kourou,5.1552,-52.6478,299.18,92,100,1.87,GF,1715574910
552,plougastel-daoulas,48.3667,-4.3667,287.62,94,100,7.2,FR,1715574910
553,morinville,53.8001,-113.652,285.92,66,0,1.03,CA,1715574786
554,karratha,-20.7377,116.8463,302.26,39,0,5.54,AU,1715574910
555,chinde,26.8418,88.0763,298.52,52,33,2.14,NP,1715574910
556,saint-berthevin,48.0667,-0.8333,286.13,88,100,2.06,FR,1715574911
557,westport,41.1415,-73.3579,283.12,85,0,2.06,US,1715574624
558,altai,46.3722,96.2583,288.15,41,100,2.57,MN,1715574911
559,senador jose porfirio,-2.5908,-51.9542,296.85,89,11,0.77,BR,1715574912
560,axim,4.8699,-2.2405,298.89,90,100,1.06,GH,1715574912
561,dalyellup,-33.3986,115.6168,297.84,36,100,4.24,AU,1715574912
562,port hope,43.9408,-82.7127,287.19,67,33,4.63,US,1715574912
563,weno,7.4515,151.8468,301.77,79,73,7.3,FM,1715574913
564,geraldton,-28.7667,114.6,296.38,64,100,2.57,AU,1715574629
565,kovdor,67.5662,30.4758,273.95,100,100,0.35,RU,1715574913
566,saurimo,-9.6608,20.3916,290.12,64,8,1.87,AO,1715574913
567,toyoshina,36.2999,137.9011,288.91,90,75,4.12,JP,1715574913
568,navoiy,40.0844,65.3792,295.86,49,50,7.2,UZ,1715574914
569,gurupi,-11.7292,-49.0686,296.64,55,32,1.3,BR,1715574914
570,airway heights,47.6446,-117.5933,292.22,39,0,3.6,US,1715574914
571,happy valley-goose bay,53.3168,-60.3315,278.32,65,75,0.0,CA,1715574915
572,songling,31.1933,120.7176,298.51,29,84,0.51,CN,1715574915
573,tindouf,27.6711,-8.1474,295.4,43,0,3.09,DZ,1715574915
574,majdanpek,44.4277,21.946,283.81,96,65,1.32,RS,1715574915
575,la passe,45.5549,-0.8967,287.58,97,74,3.55,FR,1715574916
